[
  { "time": "06:00", "image": "sunrise_1.jpeg" },
  { "time": "07:30", "image": "sunrise_2.jpeg" },
  { "time": "08:00", "image": "sunrise_3.jpeg" },
  { "time": "08:30", "image": "sunrise_4.jpeg" },
  { "time": "10:00", "image": "day_1.jpeg" },
  { "time": "12:00", "image": "day_2.jpeg" },
  { "time": "14:00", "image": "day_3.jpeg" },
  { "time": "16:00", "image": "day_4.jpeg" },
  { "time": "17:00", "image": "sunset_1.jpeg" },
  { "time": "18:00", "image": "sunset_2.jpeg" },
  { "time": "18:30", "image": "sunset_3.jpeg" },
  { "time": "19:00", "image": "sunset_4.jpeg" },
  { "time": "19:30", "image": "night_1.jpeg" },
  { "time": "20:00", "image": "night_2.jpeg" },
  { "time": "20:30", "image": "night_3.jpeg" },
  { "time": "21:00", "image": "night_4.jpeg" }
]
